urn,title,genre,albumCover,artist,url,id
soundcloud:tracks:1781417685,Too Sweet,Pop,https://i1.sndcdn.com/artworks-roJ3FyTcLlE0-0-large.jpg,Hozier,https://soundcloud.com/hozier/too-sweet-1,1
soundcloud:tracks:1803793386,Push Ups,Hip Hop,https://i1.sndcdn.com/artworks-umVBhY8hcqxD-0-large.jpg,Drake,https://soundcloud.com/octobersveryown/drake-push-ups,2
soundcloud:tracks:1768728738,the boy is mine,Pop,https://i1.sndcdn.com/artworks-QSdTnWeuPItR-0-large.jpg,Ariana Grande,https://soundcloud.com/arianagrande/ariana-grande-the-boy-is-mine,3
soundcloud:tracks:1776107214,i like the way you kiss me,Pop,https://i1.sndcdn.com/artworks-GwXQLzAU7WMq-0-large.jpg,Artemas,https://soundcloud.com/artemaswannabepopstar/i-like-the-way-you-kiss-me,4
soundcloud:tracks:1806996909,MILLION DOLLAR BABY,Hip Hop,https://i1.sndcdn.com/artworks-ofCIJJzhJ4a6-0-large.jpg,Tommy Richman,https://soundcloud.com/tommyrichmann/million-dollar-baby,5
soundcloud:tracks:1768729284,"we can't be friends (wait for your love)",Pop,https://i1.sndcdn.com/artworks-sG9FYUNpBqyQ-0-large.jpg,Ariana Grande,https://soundcloud.com/arianagrande/ariana-grande-we-cant-be,6
soundcloud:tracks:1822834335,CHIHIRO,Alternative,https://i1.sndcdn.com/artworks-AdlcsT13yEfb-0-large.jpg,Billie Eilish,https://soundcloud.com/billieeilish/chihiro,7
soundcloud:tracks:1754372958,Saturn,R&B,https://i1.sndcdn.com/artworks-seiboDKsEv6R-0-large.jpg,SZA,https://soundcloud.com/szababy2/saturn,8
soundcloud:tracks:1822834869,LUNCH,Alternative,https://i1.sndcdn.com/artworks-bpkbDpLmDP1p-0-large.jpg,Billie Eilish,https://soundcloud.com/billieeilish/lunch,9
soundcloud:tracks:1803422997,Fortnight (feat. Post Malone),Pop,https://i1.sndcdn.com/artworks-bplr0SbHnAq4-0-large.jpg,Taylor Swift,https://soundcloud.com/taylorswiftofficial/fortnight-feat-post-malone,10
soundcloud:tracks:1781131074,Like That,Hip Hop,https://i1.sndcdn.com/artworks-4MWbHeWduzPd-0-large.jpg,Future, Metro Boomin & Kendrick Lamar,11
soundcloud:tracks:1803423438,Down Bad,Pop,https://i1.sndcdn.com/artworks-RZA2MDYQiCPt-0-large.jpg,Taylor Swift,https://soundcloud.com/taylorswiftofficial/down-bad,12
soundcloud:tracks:1709664822,Beautiful Things,Pop,https://i1.sndcdn.com/artworks-e5jWEXz8S7LO-0-large.jpg,Benson Boone,https://soundcloud.com/bensonboone/beautiful-things,13
soundcloud:tracks:1799087761,Espresso,Pop,https://i1.sndcdn.com/artworks-CzGluttrpjW0-0-large.jpg,Sabrina Carpenter,https://soundcloud.com/sabrinacarpenter/sabrina-carpenter-espresso,14
soundcloud:tracks:1422809359,Flowers,Pop,https://i1.sndcdn.com/artworks-iS69e3hCBI8w-0-large.jpg,Miley Cyrus,https://soundcloud.com/mileycyrus/flowers,15
soundcloud:tracks:1768726818,true story,Pop,https://i1.sndcdn.com/artworks-Ye3ujrRBkOOB-0-large.jpg,Ariana Grande,https://soundcloud.com/arianagrande/ariana-grande-true-story,16
soundcloud:tracks:1052170909,traitor,Pop,https://i1.sndcdn.com/artworks-33GATmdY6w5k-0-large.jpg,Olivia Rodrigo,https://soundcloud.com/oliviarodrigo/traitor,17
soundcloud:tracks:1553375155,vampire,Pop,https://i1.sndcdn.com/artworks-3v4t2P0eRCFh-0-large.jpg,Olivia Rodrigo,https://soundcloud.com/oliviarodrigo/vampire,18
soundcloud:tracks:1396885495,Snooze,R&B,https://i1.sndcdn.com/artworks-JXHyPMbnV9Tm-0-large.jpg,SZA,https://soundcloud.com/szababy2/snooze,19
soundcloud:tracks:1396880485,Kill Bill,R&B,https://i1.sndcdn.com/artworks-ZjdODHEnpRvq-0-large.jpg,SZA,https://soundcloud.com/szababy2/kill-bill,20
soundcloud:tracks:1768722903,supernatural,Pop,https://i1.sndcdn.com/artworks-rhjKyKV9lvvl-0-large.jpg,Ariana Grande,https://soundcloud.com/arianagrande/ariana-grande-supernatural,21
soundcloud:tracks:1035123307,Save Your Tears ((Remix) Bonus Track),R & B,https://i1.sndcdn.com/artworks-yRwygOCUTQui-0-large.jpg,The Weeknd, Ariana Grande,22
soundcloud:tracks:1529368726,Lose Control,Pop,https://i1.sndcdn.com/artworks-yy00ZzGLyO7n-0-large.jpg,Teddy Swims,https://soundcloud.com/teddyswims/lose-control,23
soundcloud:tracks:1780787562,obsessed,Pop,https://i1.sndcdn.com/artworks-wtDzBC4yrYTL-0-large.jpg,Olivia Rodrigo,https://soundcloud.com/oliviarodrigo/obsessed,24
soundcloud:tracks:1454688733,Die For You (Remix),R & B,https://i1.sndcdn.com/artworks-qCI8wnLKzPYG-0-large.jpg,The Weeknd, Ariana Grande,25
soundcloud:tracks:1242349246,As It Was,Pop,https://i1.sndcdn.com/artworks-zrRyHoNcOhDM-0-large.jpg,Harry Styles,https://soundcloud.com/harrystyles/as-it-was,26
soundcloud:tracks:1297701826,Stick Season,Alternative,https://i1.sndcdn.com/artworks-CuiBJSXmVh4j-0-large.jpg,Noah Kahan,https://soundcloud.com/noahkahan/stick-season,27
soundcloud:tracks:863079868,cardigan,Alternative,https://i1.sndcdn.com/artworks-I5otfx6UY2nY-0-large.jpg,Taylor Swift,https://soundcloud.com/taylorswiftofficial/cardigan,28
soundcloud:tracks:1797265711,Illusion,Pop,https://i1.sndcdn.com/artworks-SeVFaUm2rjJh-0-large.jpg,Dua Lipa,https://soundcloud.com/dualipa/illusion,29
soundcloud:tracks:1520269912,Here With Me,Alternative,https://i1.sndcdn.com/artworks-jP411A8fZaGp-0-large.jpg,d4vd,https://soundcloud.com/d4vddd/here-with-me-1,30
soundcloud:tracks:1313216011,CUFF IT,Pop,https://i1.sndcdn.com/artworks-FehBOZI31wcB-0-large.jpg,Beyoncé,https://soundcloud.com/beyonce/beyonce-cuff-it,31
soundcloud:tracks:1096504597,Happier Than Ever,Alternative,https://i1.sndcdn.com/artworks-LDRzSUyRH3GY-0-large.jpg,Billie Eilish,https://soundcloud.com/billieeilish/happier-than-ever,32
soundcloud:tracks:1775261535,Cry,Pop,https://i1.sndcdn.com/artworks-HKn04M2vPm5I-0-large.jpg,Benson Boone,https://soundcloud.com/bensonboone/cry,33
soundcloud:tracks:1768726386,intro (end of the world),Pop,https://i1.sndcdn.com/artworks-YFNlFtqrDWML-0-large.jpg,Ariana Grande,https://soundcloud.com/arianagrande/ariana-grande-intro-end-of-the,34
soundcloud:tracks:1660314906,Lovin On Me,Rap/Hip Hop,https://i1.sndcdn.com/artworks-vqAuCpRhDssX-0-large.jpg,Jack Harlow,https://soundcloud.com/jackharlow/jack-harlow-lovin-on-me,35
soundcloud:tracks:1746475878,Training Season,Pop,https://i1.sndcdn.com/artworks-GeKG35J6vSlO-0-large.jpg,Dua Lipa,https://soundcloud.com/dualipa/training-season,36
soundcloud:tracks:1297453747,End of Beginning,Rock,https://i1.sndcdn.com/artworks-c6CSot1h5uAX-0-large.jpg,Djo,https://soundcloud.com/djokyri/end-of-beginning,37
soundcloud:tracks:1611037203,greedy,Pop,https://i1.sndcdn.com/artworks-vgmNtRzpynIs-0-large.jpg,Tate McRae,https://soundcloud.com/tate-mcrae/greedy,38
soundcloud:tracks:1563214087,My Love Mine All Mine,Alternative Rock,https://i1.sndcdn.com/artworks-5NLon0cRDARq-0-large.jpg,Mitski,https://soundcloud.com/mitskiofficial/my-love-mine-all-mine,39
soundcloud:tracks:1713077370,redrum,Hip Hop,https://i1.sndcdn.com/artworks-5qjOk90bFQyL-0-large.jpg,21 Savage,https://soundcloud.com/21savage/21-savage-redrum,40
soundcloud:tracks:916465010,positions,Pop,https://i1.sndcdn.com/artworks-e2u1GzAn85ys-0-large.jpg,Ariana Grande,https://soundcloud.com/arianagrande/ariana-grande-positions,41
soundcloud:tracks:1786307235,II MOST WANTED,Country,https://i1.sndcdn.com/artworks-CkqCqHdxiW2m-0-large.jpg,Beyoncé & Miley Cyrus,https://soundcloud.com/beyonce/beyonce-ii-most-wanted,42
soundcloud:tracks:718846078,Blinding Lights,R & B,https://i1.sndcdn.com/artworks-YksmX5F8FzSN-0-large.jpg,The Weeknd,https://soundcloud.com/theweeknd/blinding-lights,43
soundcloud:tracks:953665069,Good Days,R&B,https://i1.sndcdn.com/artworks-jwyyee7qp0AT-0-large.jpg,SZA,https://soundcloud.com/szababy2/good-days,44
soundcloud:tracks:1082723470,Stay (with Justin Bieber),Pop,https://i1.sndcdn.com/artworks-vafgQsBjBvrU-0-large.jpg,The Kid LAROI & Justin Bieber,https://soundcloud.com/thekidlaroi/stay,45
soundcloud:tracks:828639601,Heat Waves,Alternative,https://i1.sndcdn.com/artworks-O6FRuqbBn9sZ-0-large.jpg,Glass Animals,https://soundcloud.com/glassanimals/heat-waves,46
soundcloud:tracks:1344347542,Unholy,Pop,https://i1.sndcdn.com/artworks-e8eRrVdE7Pub-0-large.jpg,Sam Smith, Kim Petras,47
soundcloud:tracks:1014672238,MONTERO (Call Me By Your Name),Pop,https://i1.sndcdn.com/artworks-m9r6IBlNV4s3-0-large.jpg,Lil Nas X,https://soundcloud.com/secret-service-862007284/montero-call-me-by-your-name,48
soundcloud:tracks:1292534299,golden hour,Pop,https://i1.sndcdn.com/artworks-KglwmxmLCvt7-0-large.jpg,JVKE,https://soundcloud.com/itsjvke/golden-hour,49
soundcloud:tracks:871426135,WAP feat. Megan Thee Stallion,Hip-hop & Rap,https://i1.sndcdn.com/artworks-xRcHRzwpJGpfGt1d-wqhSGQ-large.jpg,Cardi B,https://soundcloud.com/iamcardib/wap-feat-megan-thee-stallion,50
soundcloud:tracks:755639329,ROXANNE,Pop,https://i1.sndcdn.com/artworks-hW2VwXD2iYwH-0-large.jpg,Arizona Zervas,https://soundcloud.com/arizonazervas/roxanne-1,51
soundcloud:tracks:754563502,Blueberry Faygo,Hip Hop,https://i1.sndcdn.com/artworks-I1KRgDMxEipA-0-large.jpg,Lil Mosey,https://soundcloud.com/lilmosey/blueberry-faygo,52
soundcloud:tracks:1305194842,Bad Habit,R&B/Soul,https://i1.sndcdn.com/artworks-Vh2JXI5ZcZlq-0-large.jpg,Steve Lacy,https://soundcloud.com/steevlacy/bad-habit,53
soundcloud:tracks:1367286193,Anti-Hero,Pop,https://i1.sndcdn.com/artworks-EfnWb03cp29g-0-large.jpg,Taylor Swift,https://soundcloud.com/taylorswiftofficial/anti-hero,54
soundcloud:tracks:823997704,death bed (coffee for your head),Pop,https://i1.sndcdn.com/artworks-DHSp2LQlpt7R-0-large.jpg,Powfu,https://soundcloud.com/powfu/death-bed-coffee-for-your-head,55
soundcloud:tracks:1564180549,"What Was I Made For? [From The Motion Picture ""Barbie""]",Alternative,https://i1.sndcdn.com/artworks-K4o3lYPEdBoJ-0-large.jpg,Billie Eilish,https://soundcloud.com/billieeilish/what-was-i-made-for-from-the,56
soundcloud:tracks:850506619,What You Know Bout Love,Hip Hop,https://i1.sndcdn.com/artworks-fA89JPCOtGjt-0-large.jpg,Pop Smoke,https://soundcloud.com/biggavelipro/what-you-know-bout-love,57
soundcloud:tracks:1427883292,"Boy's a liar Pt. 2",Pop,https://i1.sndcdn.com/artworks-CbOm6dgb03o0-0-large.jpg,PinkPantheress & Ice Spice,https://soundcloud.com/pinkpantheress/boys-a-liar-pt-2,58
soundcloud:tracks:1073025025,Woman,Pop,https://i1.sndcdn.com/artworks-EkCnJgBf6fLt-0-large.jpg,Doja Cat,https://soundcloud.com/amalaofficial/woman,59
soundcloud:tracks:760693366,Heartbreak Anniversary,R&B,https://i1.sndcdn.com/artworks-iPE0gKlNS3zB-0-large.jpg,GIVÄON,https://soundcloud.com/giveon/heartbreak-anniversary,60
soundcloud:tracks:1768727658,bye,Pop,https://i1.sndcdn.com/artworks-QiLVisWkIZsR-0-large.jpg,Ariana Grande,https://soundcloud.com/arianagrande/ariana-grande-bye,61
soundcloud:tracks:897174484,Levitating (feat. DaBaby),Pop,https://i1.sndcdn.com/artworks-bpSRnvB1drHW-0-large.jpg,Dua Lipa,https://soundcloud.com/dualipa/levitating-feat-dababy,62
soundcloud:tracks:1394627437,"Creepin'",Hip Hop,https://i1.sndcdn.com/artworks-f54zfBIfrmDX-0-large.jpg,Metro Boomin, The Weeknd,63
soundcloud:tracks:957446587,drivers license,Pop,https://i1.sndcdn.com/artworks-CKBtHiH2XWaT-0-large.jpg,Olivia Rodrigo,https://soundcloud.com/oliviarodrigo/drivers-license,64
soundcloud:tracks:1020528670,deja vu,Pop,https://i1.sndcdn.com/artworks-hTd1F8D0CmQW-0-large.jpg,Olivia Rodrigo,https://soundcloud.com/oliviarodrigo/deja-vu,65
soundcloud:tracks:920168872,DÃKITI,Latin Music,https://i1.sndcdn.com/artworks-arvkz81WYqX0-0-large.jpg,Bad Bunny, Jhayco,66
soundcloud:tracks:1048163956,good 4 u,Pop,https://i1.sndcdn.com/artworks-2rxXOpgILW8x-0-large.jpg,Olivia Rodrigo,https://soundcloud.com/oliviarodrigo/good-4-u-1,67
soundcloud:tracks:1263179941,TitÃ­ Me PreguntÃ³,Latin Music,https://i1.sndcdn.com/artworks-hzy31wdheghZ-0-large.jpg,Bad Bunny,https://soundcloud.com/badbunny15/bad-bunny-titi-me-pregunto,68
soundcloud:tracks:1142001742,Easy On Me,Pop,https://i1.sndcdn.com/artworks-43WNouQ1YHx8-0-large.jpg,Adele,https://soundcloud.com/adelemusic/easy-on-me,69
soundcloud:tracks:998728237,Leave The Door Open,R&B,https://i1.sndcdn.com/artworks-tgprphsm4GAI-0-large.jpg,Bruno Mars, Anderson .Paak,70
soundcloud:tracks:1272150436,Glimpse of Us,Pop,https://i1.sndcdn.com/artworks-NMsGqxzJ4m89-0-large.jpg,Joji,https://soundcloud.com/jojiofficial/joji-glimpse-of-us,71
soundcloud:tracks:919105681,34+35,Pop,https://i1.sndcdn.com/artworks-WQBkLwYO5hiO-0-large.jpg,Ariana Grande,https://soundcloud.com/arianagrande/ariana-grande-34-35,72
soundcloud:tracks:1573592686,Water,Pop,https://i1.sndcdn.com/artworks-vQaHVhhHE615-0-large.jpg,Tyla,https://soundcloud.com/tylamusic/water,73
soundcloud:tracks:1685290914,FTCU,Hip Hop,https://i1.sndcdn.com/artworks-6cUygSOE3S2V-0-large.jpg,Nicki Minaj,https://soundcloud.com/nickiminaj/nicki-minaj-ftcu,74
soundcloud:tracks:1376227570,Rich Flex,Rap,https://i1.sndcdn.com/artworks-X1jwgSEoXzOg-0-large.jpg,Drake, 21 Savage,75
soundcloud:tracks:737719804,Yummy,Pop,https://i1.sndcdn.com/artworks-o9CbTPSfAjk8-0-large.jpg,Justin Bieber,https://soundcloud.com/justinbieber/yummy-1,76
soundcloud:tracks:863079139,august,Alternative,https://i1.sndcdn.com/artworks-dZBRSB2wgA9C-0-large.jpg,Taylor Swift,https://soundcloud.com/taylorswiftofficial/august,77
soundcloud:tracks:1245609985,First Class,Rap/Hip Hop,https://i1.sndcdn.com/artworks-67AUHu9QW4OY-0-large.jpg,Jack Harlow,https://soundcloud.com/jackharlow/jack-harlow-first-class,78
soundcloud:tracks:815692861,Stuck with U,Pop,https://i1.sndcdn.com/artworks-I1ndWDTjwDyW-0-large.jpg,Ariana Grande, Justin Bieber,79
soundcloud:tracks:825642412,Rain On Me (with Ariana Grande),Pop,https://i1.sndcdn.com/artworks-gKNABXVydPSi-0-large.jpg,Lady Gaga, Ariana Grande,80
soundcloud:tracks:1465627021,Feather,Pop,https://i1.sndcdn.com/artworks-2UYDH22yxOlU-0-large.jpg,Sabrina Carpenter,https://soundcloud.com/sabrinacarpenter/feather,81
soundcloud:tracks:861425395,Mood (feat. iann dior),Pop,https://i1.sndcdn.com/artworks-NvEjWuQ0lRAl-0-large.jpg,24kGoldn feat. iann dior,https://soundcloud.com/24kgoldn/mood-feat-iann-dior,82
soundcloud:tracks:1010966185,Peaches (feat. Daniel Caesar & Giveon),Pop,https://i1.sndcdn.com/artworks-j5BuecOuwQjW-0-large.jpg,Justin Bieber,https://soundcloud.com/justinbieber/peaches-feat-daniel-caesar,83
soundcloud:tracks:789615277,Toosie Slide,Hip Hop,https://i1.sndcdn.com/artworks-RJncRzSHOgZV-0-large.jpg,Drake,https://soundcloud.com/octobersveryown/drake-toosie-slide,84
soundcloud:tracks:1547502043,One Of The Girls,Soundtrack,https://i1.sndcdn.com/artworks-wlilz290uJx3-0-large.jpg,The Weeknd, JENNIE,85
soundcloud:tracks:895281859,Holy (feat. Chance The Rapper),Pop,https://i1.sndcdn.com/artworks-zsYlxaOD6ThN-0-large.jpg,Justin Bieber,https://soundcloud.com/justinbieber/justin-bieber-holy-feat-chance,86
soundcloud:tracks:945469453,willow,Alternative,https://i1.sndcdn.com/artworks-CsgybEI6kGo8-0-large.jpg,Taylor Swift,https://soundcloud.com/taylorswiftofficial/willow,87
soundcloud:tracks:931002616,Prisoner (feat. Dua Lipa),Pop,https://i1.sndcdn.com/artworks-kIeeqbfZkEEn-0-large.jpg,Miley Cyrus feat. Dua Lipa,https://soundcloud.com/mileycyrus/prisoner-feat-dua-lipa,88
soundcloud:tracks:748533043,Physical,Pop,https://i1.sndcdn.com/artworks-jNVFx66m5nPP-0-large.jpg,Dua Lipa,https://soundcloud.com/dualipa/physical,89
soundcloud:tracks:1191922870,Is There Someone Else?,R & B,https://i1.sndcdn.com/artworks-U1nthDjiUhpC-0-large.jpg,The Weeknd,https://soundcloud.com/theweeknd/the-weeknd-is-there-someone,90
soundcloud:tracks:1023919816,Kiss Me More (feat. SZA),Pop,https://i1.sndcdn.com/artworks-8AJCc8G37rz0-0-large.jpg,Doja Cat feat. SZA,https://soundcloud.com/amalaofficial/kiss-me-more-feat-sza,91
soundcloud:tracks:1071204931,Bad Habits,Pop,https://i1.sndcdn.com/artworks-k1vZIaceDJJs-0-large.jpg,Ed Sheeran,https://soundcloud.com/edsheeran/ed-sheeran-bad-habits,92
soundcloud:tracks:919105429,pov,Pop,https://i1.sndcdn.com/artworks-cC9MGwkaxZBT-0-large.jpg,Ariana Grande,https://soundcloud.com/arianagrande/ariana-grande-pov,93
soundcloud:tracks:1064472514,Need to Know,Pop,https://i1.sndcdn.com/artworks-0fsBd2TywY5U-0-large.jpg,Doja Cat,https://soundcloud.com/amalaofficial/need-to-know,94
soundcloud:tracks:1091068756,INDUSTRY BABY (feat. Jack Harlow),Hip Hop,https://i1.sndcdn.com/artworks-VG8ifluNoNdo-0-large.jpg,Lil Nas X & Jack Harlow,https://soundcloud.com/secret-service-862007284/industry-baby,95
soundcloud:tracks:1124622010,THATS WHAT I WANT,Pop,https://i1.sndcdn.com/artworks-QAfw1GJMDVAV-0-large.jpg,Lil Nas X,https://soundcloud.com/secret-service-862007284/thats-what-i-want,96
soundcloud:tracks:1075190731,You Right,Pop,https://i1.sndcdn.com/artworks-FUF9uvayiuS9-0-large.jpg,Doja Cat & The Weeknd,https://soundcloud.com/amalaofficial/you-right,97
soundcloud:tracks:1118019550,Fair Trade (feat. Travis Scott),Hip Hop,https://i1.sndcdn.com/artworks-ZB4xh129c10t-0-large.jpg,Drake,https://soundcloud.com/octobersveryown/drake-fair-trade-feat-travis,98
soundcloud:tracks:859349491,POPSTAR (feat. Drake),Hip Hop,https://i1.sndcdn.com/artworks-CriHSSIfB3cf-0-large.jpg,DJ Khaled feat. Drake,https://soundcloud.com/djkhaled/popstar-feat-drake,99
soundcloud:tracks:1270786810,Late Night Talking,Pop,https://i1.sndcdn.com/artworks-AlkyZMkHNbQP-0-large.jpg,Harry Styles,https://soundcloud.com/harrystyles/late-night-talking,100
soundcloud:tracks:1470385906,Ella Baila Sola,Latin / Regional Mexican,https://i1.sndcdn.com/artworks-sV93TnSpK8Kg-0-large.jpg,Eslabon Armado, Peso Pluma,101
soundcloud:tracks:1221933496,Bam Bam (feat. Ed Sheeran),Pop,https://i1.sndcdn.com/artworks-wCcQXT9vY9Eh-0-large.jpg,Camila Cabello feat. Ed Sheeran,https://soundcloud.com/camilacabello/bam-bam-feat-ed-sheeran,102
soundcloud:tracks:1810618125,These Walls,Pop,https://i1.sndcdn.com/artworks-hIu8rCeMAOW8-0-large.jpg,Dua Lipa,https://soundcloud.com/dualipa/these-walls,103
soundcloud:tracks:1528516891,Popular (From The Idol Vol. 1 (Music from the HBO Original Series)) [feat. Playboi Carti],Soundtrack,https://i1.sndcdn.com/artworks-jS1yo3I5oadu-0-large.jpg,The Weeknd, Madonna,104
soundcloud:tracks:1293023500,Left and Right (Feat. Jung Kook of BTS),Pop,https://i1.sndcdn.com/artworks-j7BEceEzEYSf-0-large.jpg,Charlie Puth, Jung Kook,105
soundcloud:tracks:1589588819,bad idea right?,Pop,https://i1.sndcdn.com/artworks-tfgzp5q6WyYS-0-large.jpg,Olivia Rodrigo,https://soundcloud.com/oliviarodrigo/bad-idea-right,106
soundcloud:tracks:1822834458,BIRDS OF A FEATHER,Alternative,https://i1.sndcdn.com/artworks-3FNJGgLRZS9s-0-large.jpg,Billie Eilish,https://soundcloud.com/billieeilish/birds-of-a-feather,107
soundcloud:tracks:1367286613,Karma,Pop,https://i1.sndcdn.com/artworks-fMhF2fiBZ8QA-0-large.jpg,Taylor Swift,https://soundcloud.com/taylorswiftofficial/karma,108
soundcloud:tracks:1367286865,Lavender Haze,Pop,https://i1.sndcdn.com/artworks-jRGEyoSTytJW-0-large.jpg,Taylor Swift,https://soundcloud.com/taylorswiftofficial/lavender-haze,109
soundcloud:tracks:1010966062,Ghost,Pop,https://i1.sndcdn.com/artworks-mlZo9UsMBWyo-0-large.jpg,Justin Bieber,https://soundcloud.com/justinbieber/ghost,110
soundcloud:tracks:1331242909,Calm Down,Pop,https://i1.sndcdn.com/artworks-pIPrJaNtVzzV-0-large.jpg,Rema, Selena Gomez,111
soundcloud:tracks:1576853254,Paint The Town Red,Rap,https://i1.sndcdn.com/artworks-cE4WZqvTlrRn-0-large.jpg,Doja Cat,https://soundcloud.com/amalaofficial/paint-the-town-red,112
soundcloud:tracks:1487044951,Daylight,Pop,https://i1.sndcdn.com/artworks-OXYO5YOgC9XC-0-large.jpg,David Kushner,https://soundcloud.com/davidkushner-music/daylight,113
soundcloud:tracks:1510882189,From The Start,Jazz,https://i1.sndcdn.com/artworks-td3WayN3vF42-0-large.jpg,Laufey,https://soundcloud.com/laufeylin/from-the-start,114
soundcloud:tracks:1247116972,About Damn Time,Pop,https://i1.sndcdn.com/artworks-mgbUHSnpmGP6-0-large.jpg,Lizzo,https://soundcloud.com/lizzomusic/about-damn-time,115
soundcloud:tracks:1089020740,abcdefu,Pop,https://i1.sndcdn.com/artworks-FyqtrARPIjyf-0-large.jpg,GAYLE,https://soundcloud.com/gayle/abcdefu,116
soundcloud:tracks:1191923227,Out of Time,R & B,https://i1.sndcdn.com/artworks-FHYSjJqQA0c0-0-large.jpg,The Weeknd,https://soundcloud.com/theweeknd/the-weeknd-out-of-time,117
soundcloud:tracks:317728610,Despacito (Remix) [feat. Justin Bieber],Pop,https://i1.sndcdn.com/artworks-r5Hhdye1wsRg-0-large.jpg,Luis Fonsi, Daddy Yankee,118
soundcloud:tracks:214693443,Thinking out Loud,Pop,https://i1.sndcdn.com/artworks-nW7C2bJMYXhT-0-large.jpg,Ed Sheeran,https://soundcloud.com/edsheeran/thinking-out-loud,119
soundcloud:tracks:286535849,24K Magic,Pop,https://i1.sndcdn.com/artworks-Bed5BlGoDLGs-0-large.jpg,Bruno Mars,https://soundcloud.com/brunomars/24k-magic,120
soundcloud:tracks:252971475,Party Rock Anthem (feat. Lauren Bennett & GoonRock),Pop,https://i1.sndcdn.com/artworks-aqrZNwRUc55D-0-large.jpg,LMFAO,https://soundcloud.com/lmfao-official/party-rock-anthem,121
soundcloud:tracks:252648558,Die A Happy Man,Country,https://i1.sndcdn.com/artworks-yWjO9M7g9NLP-0-large.jpg,Thomas Rhett,https://soundcloud.com/thomasrhettofficial/die-a-happy-man,122
soundcloud:tracks:294363326,Shake It Off,Pop,https://i1.sndcdn.com/artworks-7di6uBUBWbmO-0-large.jpg,Taylor Swift,https://soundcloud.com/taylorswiftofficial/shake-it-off,123
soundcloud:tracks:256187783,Sugar,Pop,https://i1.sndcdn.com/artworks-mdoCqPNXzVmp-0-large.jpg,Maroon 5,https://soundcloud.com/maroon-5/sugar,124
soundcloud:tracks:114238860,Timber,Pop,https://i1.sndcdn.com/artworks-BEllomPaO4IG-0-large.jpg,Pitbull, Kesha,125
soundcloud:tracks:265535208,Uptown Funk (feat. Bruno Mars),Pop,https://i1.sndcdn.com/artworks-keIARR3CTu1l-0-large.jpg,Mark Ronson feat. Bruno Mars,https://soundcloud.com/markronson/uptown-funk,126
soundcloud:tracks:167152767,Shut Up and Dance,Pop,https://i1.sndcdn.com/artworks-UuUo06ig7QW5-0-large.jpg,WALK THE MOON,https://soundcloud.com/walk-the-moon/walk-the-moon-shut-up-and-dance,127
soundcloud:tracks:23907786,We Found Love,Pop,https://i1.sndcdn.com/artworks-CEY8qeBAdtI6-0-large.jpg,Rihanna, Calvin Harris,128
soundcloud:tracks:262637985,"CAN'T STOP THE FEELING! (from DreamWorks Animation's ""TROLLS"")",Pop,https://i1.sndcdn.com/artworks-xhBK47bpRJRi-0-large.jpg,Justin Timberlake,https://soundcloud.com/justintimberlake/cant-stop-the-feeling-original,129
soundcloud:tracks:256265573,All of Me,R&B,https://i1.sndcdn.com/artworks-70UefBgdfVU5-0-large.jpg,John Legend,https://soundcloud.com/johnlegend/all-of-me-4,130
soundcloud:tracks:274720380,Closer (feat. Halsey),Dance,https://i1.sndcdn.com/artworks-zlWGFBAbXOTX-0-large.jpg,The Chainsmokers feat. Halsey,https://soundcloud.com/thechainsmokers/closer,131
soundcloud:tracks:718243024,God Gave Me You,Country,https://i1.sndcdn.com/artworks-4NDfIQybFPwR-0-large.jpg,Blake Shelton,https://soundcloud.com/blakeshelton/god-gave-me-you-4,132
soundcloud:tracks:301161123,Shape of You,Pop,https://i1.sndcdn.com/artworks-ManqxmJRROQt-0-large.jpg,Ed Sheeran,https://soundcloud.com/edsheeran/shape-of-you,133
soundcloud:tracks:328200350,Just the Way You Are,Pop,https://i1.sndcdn.com/artworks-2X9XkkQDYDfr-0-large.jpg,Bruno Mars,https://soundcloud.com/brunomars/just-the-way-you-are-2,134
soundcloud:tracks:159966669,Fireball (feat. John Ryan),Pop,https://i1.sndcdn.com/artworks-r9ZTQgr2jLVK-0-large.jpg,Pitbull feat. John Ryan,https://soundcloud.com/pitbull/fireball,135
soundcloud:tracks:264702142,This Is What You Came For (feat. Rihanna),Dance,https://i1.sndcdn.com/artworks-hV3qmq7Tw0Y2-0-large.jpg,Calvin Harris feat. Rihanna,https://soundcloud.com/calvinharris/this-is-what-you-came-for-1,136
soundcloud:tracks:258021633,One Dance (feat. WizKid & Kyla),Rap,https://i1.sndcdn.com/artworks-4YTknhFPsK02-0-large.jpg,Drake,https://soundcloud.com/octobersveryown/drake-one-dance,137
soundcloud:tracks:255790679,Country Girl (Shake It For Me),Country,https://i1.sndcdn.com/artworks-PcCznI0ZSK9V-0-large.jpg,Luke Bryan,https://soundcloud.com/official-luke-bryan/country-girl-shake-it-for-me,138
soundcloud:tracks:283076791,Watch Me (Whip / Nae Nae),Hip Hop,https://i1.sndcdn.com/artworks-Jx9bfGjamMXl-0-large.jpg,Silentó,https://soundcloud.com/therealsilento/watch-me-whip-nae-nae-1,139
soundcloud:tracks:253182956,Shots (feat. Lil Jon),Pop,https://i1.sndcdn.com/artworks-9uQZ9TrS5HDZ-0-large.jpg,LMFAO,https://soundcloud.com/lmfao-official/shots-album-version-edited,140
soundcloud:tracks:293231242,"That's What I Like",Pop,https://i1.sndcdn.com/artworks-QF3u8d0un4xj-0-large.jpg,Bruno Mars,https://soundcloud.com/brunomars/thats-what-i-like,141
soundcloud:tracks:256278736,Raise Your Glass,Pop,https://i1.sndcdn.com/artworks-tyNEnVXQaqgg-0-large.jpg,P!NK,https://soundcloud.com/official-p-nk/raise-your-glass,142
soundcloud:tracks:253635627,Call Me Maybe,Pop,https://i1.sndcdn.com/artworks-R4mSLXLJyGyT-0-large.jpg,Carly Rae Jepsen,https://soundcloud.com/carlyraejepsen/call-me-maybe-1,143
soundcloud:tracks:260402100,Cake By The Ocean,Pop,https://i1.sndcdn.com/artworks-I1Srx4Ie5fvc-0-large.jpg,DNCE,https://soundcloud.com/dnceofficial/cake-by-the-ocean,144
soundcloud:tracks:256262442,Danza Kuduro (feat. Lucenzo),Latin / Urban,https://i1.sndcdn.com/artworks-Z085DKrDXLoA-0-large.jpg,Don Omar,https://soundcloud.com/donomarpr/danza-kuduro-album-version,145
soundcloud:tracks:254111762,Get Lucky (Radio Edit - feat. Pharrell Williams and Nile Rodgers),Electronic,https://i1.sndcdn.com/artworks-EXgpnCz3BsXU-0-large.jpg,Daft Punk, Pharrell Williams,146
soundcloud:tracks:257047675,Tennessee Whiskey,Country,https://i1.sndcdn.com/artworks-bSJTuLnlzAlG-0-large.jpg,Chris Stapleton,https://soundcloud.com/chris-stapleton-music/tennessee-whiskey,147
soundcloud:tracks:31351650,Give Me Everything (feat. Nayer),Pop,https://i1.sndcdn.com/artworks-bH9gkKdj0QSw-0-large.jpg,Pitbull, Afrojack and Ne-Yo feat. Nayer,148
soundcloud:tracks:253180459,Sexy And I Know It,Pop,https://i1.sndcdn.com/artworks-CybuPiqh3wtW-0-large.jpg,LMFAO,https://soundcloud.com/lmfao-official/sexy-and-i-know-it-album,149
soundcloud:tracks:253876860,"Can't Feel My Face",R & B,https://i1.sndcdn.com/artworks-jTzlHBFwIjIy-0-large.jpg,The Weeknd,https://soundcloud.com/theweeknd/cant-feel-my-face-1,150
soundcloud:tracks:278703735,Treasure,Pop,https://i1.sndcdn.com/artworks-KfiO4yluJLT1-0-large.jpg,Bruno Mars,https://soundcloud.com/brunomars/treasure-1,151
soundcloud:tracks:255976002,Blurred Lines (feat. T.I. & Pharrell),Pop,https://i1.sndcdn.com/artworks-4oCna2ubnDdH-0-large.jpg,Robin Thicke,https://soundcloud.com/robinthicke/blurred-lines-1,152
soundcloud:tracks:256209479,My House,Rap/Hip Hop,https://i1.sndcdn.com/artworks-Ps8pj7AuVQ1v-0-large.jpg,Flo Rida,https://soundcloud.com/official_flo/my-house,153
soundcloud:tracks:12175507,Marry Me,Pop,https://i1.sndcdn.com/artworks-0irys5fBVwIT-0-large.jpg,Train,https://soundcloud.com/trainofficial/11-marry-me,154
soundcloud:tracks:604385229,Ho Hey,Pop,https://i1.sndcdn.com/artworks-1mLZFmcQ2E11-0-large.jpg,The Lumineers,https://soundcloud.com/the_lumineers/ho-hey,155
soundcloud:tracks:304609118,Body Like A Back Road,Country,https://i1.sndcdn.com/artworks-aAnFJNXjNtNw-0-large.jpg,Sam Hunt,https://soundcloud.com/sam-hunt-official/body-like-a-back-road,156
soundcloud:tracks:256526896,Love On Top,Pop,https://i1.sndcdn.com/artworks-fCk9kGWcnBgV-0-large.jpg,Beyoncé,https://soundcloud.com/beyonce/love-on-top,157
soundcloud:tracks:254082101,All About That Bass,Pop,https://i1.sndcdn.com/artworks-OeDZqBtVZZKl-0-large.jpg,Meghan Trainor,https://soundcloud.com/meghantrainorofficial/all-about-that-bass,158
soundcloud:tracks:223796494,Wagon Wheel,Folk,https://i1.sndcdn.com/artworks-Gy5d87lAACC0-0-large.png,Old Crow Medicine Show,https://soundcloud.com/nettwerkmusicgroup/wagon-wheel,159
soundcloud:tracks:19505822,"Moves Like Jagger (Studio Recording From ""The Voice"" Performance) [feat. Christina Aguilera]",Pop,https://i1.sndcdn.com/artworks-aWh7C5vUDR88-0-large.jpg,Maroon 5,https://soundcloud.com/maroon-5/moves-like-jagger-clean,160
soundcloud:tracks:257462032,Hotline Bling,Rap,https://i1.sndcdn.com/artworks-7eee9pDe4Tkc-0-large.jpg,Drake,https://soundcloud.com/octobersveryown/drake-hotline-bling-1,161
soundcloud:tracks:245566366,From the Ground Up (Single Version),Country,https://i1.sndcdn.com/artworks-BgRPGtIDmILO-0-large.jpg,Dan + Shay,https://soundcloud.com/danandshay/from-the-ground-up,162
soundcloud:tracks:256050930,Want to Want Me,Pop,https://i1.sndcdn.com/artworks-oiz4EUVgYWRT-0-large.jpg,Jason Derulo,https://soundcloud.com/jasonderulo/want-to-want-me,163
soundcloud:tracks:262925298,Trap Queen,Rap/Hip Hop,https://i1.sndcdn.com/artworks-Y44KQoezZj5m-0-large.jpg,Fetty Wap,https://soundcloud.com/harlem_fetty/trap-queen,164
soundcloud:tracks:220650390,Wild Ones (feat. Sia),Rap/Hip Hop,https://i1.sndcdn.com/artworks-SUd21V5HAcsb-0-large.jpg,Flo Rida,https://soundcloud.com/official_flo/wild-ones-feat-sia,165
soundcloud:tracks:80677407,Best Day Of My Life,Alternative,https://i1.sndcdn.com/artworks-Q76MKlmHSTRb-0-large.jpg,American Authors,https://soundcloud.com/american-authors/best-day-of-my-life,166
soundcloud:tracks:253503116,Gangnam Style (강남스타일),Pop,https://i1.sndcdn.com/artworks-h69HXKvXL5aq-0-large.jpg,Psy,https://soundcloud.com/psy-official/gangnam-style,167
soundcloud:tracks:255884736,Feel So Close (Radio Edit),Dance,https://i1.sndcdn.com/artworks-BVktM8JL1ySs-0-large.jpg,Calvin Harris,https://soundcloud.com/calvinharris/feel-so-close-radio-edit,168
soundcloud:tracks:555682944,Thrift Shop (feat. Wanz),Hip Hop,https://i1.sndcdn.com/artworks-7PxXqien2Xsg-0-large.jpg,Macklemore & Ryan Lewis, Macklemore & Ryan Lewis,169
soundcloud:tracks:254864491,HandClap,Alternative Rock,https://i1.sndcdn.com/artworks-000153855234-iofmtj-large.jpg,Fitz and The Tantrums,https://soundcloud.com/fitzandthetantrums/handclap,170
soundcloud:tracks:255821174,Super Bass,Hip Hop,https://i1.sndcdn.com/artworks-8JzBpfGZglLj-0-large.jpg,Nicki Minaj,https://soundcloud.com/nickiminaj/super-bass,171
soundcloud:tracks:255769417,Work (feat. Drake),Pop,https://i1.sndcdn.com/artworks-m44elppDgVrz-0-large.jpg,Rihanna,https://soundcloud.com/rihanna/work,172
soundcloud:tracks:259071491,H.O.L.Y.,Country,https://i1.sndcdn.com/artworks-HpRGuFjzxPtS-0-large.jpg,Florida Georgia Line,https://soundcloud.com/flagaline/h-o-l-y,173
soundcloud:tracks:294113922,"Can't Hold Us (feat. Ray Dalton)",Hip Hop,https://i1.sndcdn.com/artworks-SKAP6CJh4ynV-0-large.jpg,Macklemore, Ryan Lewis,174
soundcloud:tracks:256767919,Cheerleader (Felix Jaehn Remix Radio Edit),Pop,https://i1.sndcdn.com/artworks-VWskIXjzc2Ue-0-large.jpg,OMI,https://soundcloud.com/omimusiconline/cheerleader-felix-jaehn,175
soundcloud:tracks:253180523,Cruise (Remix) [feat. Nelly],Country,https://i1.sndcdn.com/artworks-NnMmk5AXdWID-0-large.jpg,Florida Georgia Line,https://soundcloud.com/flagaline/cruise-remix,176
soundcloud:tracks:262764443,On The Floor (Radio Edit),Pop,https://i1.sndcdn.com/artworks-ZyF0LjDPGsjs-0-large.jpg,Jennifer Lopez, Pitbull,177
soundcloud:tracks:190628327,Pitbull - Time Of Our Lives Ft. Ne-Yo,Pitbull,https://i1.sndcdn.com/artworks-000106374432-kvvd7k-large.jpg,undefined,https://soundcloud.com/pitbull/pitbull-time-of-our-lives-ft-ne-yo,178
soundcloud:tracks:309377534,Something Just Like This,Dance,https://i1.sndcdn.com/artworks-cPYr9vJn88tG-0-large.jpg,The Chainsmokers & Coldplay,https://soundcloud.com/thechainsmokers/something-just-like-this-1,179
soundcloud:tracks:255782644,Dynamite,Pop,https://i1.sndcdn.com/artworks-21X9Ul5Z1DV5-0-large.jpg,Taio Cruz,https://soundcloud.com/taiocruz/dynamite,180
soundcloud:tracks:256122842,"DJ Got Us Fallin' In Love (feat. Pitbull)",Pop,https://i1.sndcdn.com/artworks-2bkkbblBvKVb-0-large.jpg,USHER,https://soundcloud.com/usher-raymond-music/dj-got-us-fallin-in-love,181
soundcloud:tracks:256250253,Firework,Pop,https://i1.sndcdn.com/artworks-C4EBS5sDA8Ff-0-large.jpg,Katy Perry,https://soundcloud.com/katyperry/firework,182
soundcloud:tracks:253508761,"In Case You Didn't Know",Country,https://i1.sndcdn.com/artworks-q7HV3mlbMT96-0-large.jpg,Brett Young,https://soundcloud.com/brettyoungofficial/in-case-you-didnt-know,183
soundcloud:tracks:255821185,Starships,Rap,https://i1.sndcdn.com/artworks-ZTJ4ORl6nY6T-0-large.jpg,Nicki Minaj,https://soundcloud.com/nickiminaj/starships,184
soundcloud:tracks:279731748,"Say You Won't Let Go",Pop,https://i1.sndcdn.com/artworks-1364erOGB72E-0-large.jpg,James Arthur,https://soundcloud.com/james-arthur-official/say-you-wont-let-go,185
soundcloud:tracks:258025339,Cheap Thrills,Pop,https://i1.sndcdn.com/artworks-0lOSfxisjXxM-0-large.jpg,Sia,https://soundcloud.com/siamusic/cheap-thrills-1,186
soundcloud:tracks:256209433,"Club Can't Handle Me (feat. David Guetta) [From the Step Up 3D Soundtrack]",Rap/Hip Hop,https://i1.sndcdn.com/artworks-yNVpaIvNFLWo-0-large.jpg,Flo Rida,https://soundcloud.com/official_flo/club-cant-handle-me-feat-4,187
soundcloud:tracks:256526498,Drunk in Love (feat. JAY-Z),Pop,https://i1.sndcdn.com/artworks-KiBGJzErRPEY-0-large.jpg,Beyoncé feat. Jay-Z,https://soundcloud.com/beyonce/drunk-in-love-1,188
soundcloud:tracks:284055913,Starboy (feat. Daft Punk),R & B,https://i1.sndcdn.com/artworks-E67rEkpeZW4c-0-large.jpg,The Weeknd,https://soundcloud.com/theweeknd/starboy,189
soundcloud:tracks:302151081,"Migos - Bad and Boujee (R3HAB vs No Riddim & it's different Remix)",Dance & EDM,https://i1.sndcdn.com/artworks-000202438461-7muyie-large.jpg,undefined,https://soundcloud.com/r3hab/bad-and-boujee-rmx,190
soundcloud:tracks:42764876,Jason Mraz - I Wont Give Up,Pop Rock,https://i1.sndcdn.com/artworks-000021412271-tvaybo-large.jpg,Jason Mraz,https://soundcloud.com/atlanticrecords/4-i-wont-give-up-1,191
soundcloud:tracks:256093121,Suit & Tie (feat. JAY Z) ([Radio Edit]),Pop,https://i1.sndcdn.com/artworks-OpDOfEY6A1ov-0-large.jpg,Justin Timberlake feat. JAY Z,https://soundcloud.com/justintimberlake/suit-tie-featuring-jay-z-radio,192
soundcloud:tracks:271228362,Lean On,Electronique : Electro,https://i1.sndcdn.com/artworks-PKi279abHpdW-0-large.jpg,Major Lazer,https://soundcloud.com/majorlazer/lean-on-feat-mo-dj-snake-5,193
soundcloud:tracks:257062614,OMG (feat. will.i.am),R&B,https://i1.sndcdn.com/artworks-faaViz1YCnrL-0-large.jpg,Usher feat. will.i.am,https://soundcloud.com/usher-raymond-music/omg,194
soundcloud:tracks:216540875,Titanium (feat. Sia),Electronic,https://i1.sndcdn.com/artworks-6z9O3b2Hj2Ss-0-large.jpg,David Guetta,https://soundcloud.com/davidguetta/titanium-feat-sia,195
soundcloud:tracks:254082114,Dear Future Husband,Pop,https://i1.sndcdn.com/artworks-qS4eD2wp5qJg-0-large.jpg,Meghan Trainor,https://soundcloud.com/meghantrainorofficial/dear-future-husband,196
soundcloud:tracks:245578129,"Don't Let Me Down (feat. Daya)",Dance,https://i1.sndcdn.com/artworks-Sv8MjUnwQ6BW-0-large.jpg,The Chainsmokers feat. Daya,https://soundcloud.com/thechainsmokers/dont-let-me-down-ft-daya,197
soundcloud:tracks:737896987,What Do You Mean?,Pop,https://i1.sndcdn.com/artworks-wIWuu3kBGIao-0-large.jpg,Justin Bieber,https://soundcloud.com/justinbieber/what-do-you-mean,198
soundcloud:tracks:309401672,Bang Bang,Pop,https://i1.sndcdn.com/artworks-XFaB5klH1zVq-0-large.jpg,Jessie J, Ariana Grande,199
soundcloud:tracks:255793175,Fancy (feat. Charli XCX),Hip Hop,https://i1.sndcdn.com/artworks-Q6f9LzEHL8qv-0-large.jpg,Iggy Azalea,https://soundcloud.com/iggy-azalea-official/fancy,200
soundcloud:tracks:254082112,"Like I'm Gonna Lose You (feat. John Legend)",Pop,https://i1.sndcdn.com/artworks-7EGzWpg38mxg-0-large.jpg,Meghan Trainor,https://soundcloud.com/meghantrainorofficial/like-im-gonna-lose-you,201
soundcloud:tracks:256003873,I Love It (feat. Charli XCX),Pop,https://i1.sndcdn.com/artworks-zeluqFl50Cek-0-large.jpg,Icona Pop,https://soundcloud.com/iconapop/i-love-it-feat-charli-xcx,202
soundcloud:tracks:284331797,Wake Me Up,Dance,https://i1.sndcdn.com/artworks-EzGgwokyUPkV-0-large.jpg,Avicii,https://soundcloud.com/aviciiofficial/wake-me-up-radio-edit,203
soundcloud:tracks:737719381,Sorry,Pop,https://i1.sndcdn.com/artworks-cQsEZO7n3vRR-0-large.jpg,Justin Bieber,https://soundcloud.com/justinbieber/sorry,204
soundcloud:tracks:247837949,House Party,Country,https://i1.sndcdn.com/artworks-qrZlJr3ibzEp-0-large.jpg,Sam Hunt,https://soundcloud.com/sam-hunt-official/sam-hunt-house-party,205
soundcloud:tracks:271455456,I Will Wait,Rock,https://i1.sndcdn.com/artworks-AKMFqG86POoN-0-large.jpg,Mumford & Sons,https://soundcloud.com/mumfordandsons/i-will-wait,206
soundcloud:tracks:255849691,"Love Me Like You Do (From ""Fifty Shades Of Grey"")",Pop,https://i1.sndcdn.com/artworks-idITDUWcsOX9-0-large.jpg,Ellie Goulding,https://soundcloud.com/elliegoulding/love-me-like-you-do-from-1,207
soundcloud:tracks:253567850,Vivir Mi Vida,Tropical,https://i1.sndcdn.com/artworks-EGTGw7WzYcSY-0-large.jpg,Marc Anthony,https://soundcloud.com/marcanthonyofficial/vivir-mi-vida,208
soundcloud:tracks:256153877,"Don't Speak",Pop,https://i1.sndcdn.com/artworks-Gc4bSxT1X05Q-0-large.jpg,No Doubt,https://soundcloud.com/nodoubt/dont-speak,209
soundcloud:tracks:1170991225,Remember Home,Dance,https://i1.sndcdn.com/artworks-hoJH2HyJWHydOOVs-loq0LQ-large.jpg,ELYAZ,https://soundcloud.com/elyaz/remember-home,210
soundcloud:tracks:258954403,Smells Like Teen Spirit,Rock,https://i1.sndcdn.com/artworks-MjdnjrAJuA69-0-large.jpg,Nirvana,https://soundcloud.com/nirvana/smells-like-teen-spirit-1,211
soundcloud:tracks:256615184,"What's Up?",Rock,https://i1.sndcdn.com/artworks-fmlHrvIszvTv-0-large.jpg,4 Non Blondes,https://soundcloud.com/4-non-blondes/whats-up-album-version,212
soundcloud:tracks:253187678,Barbie Girl,Pop,https://i1.sndcdn.com/artworks-1TDNu8vP5ddk-0-large.jpg,Aqua,https://soundcloud.com/aqua-official/barbie-girl,213
soundcloud:tracks:257475658,(Everything I Do) I Do It For You,Pop,https://i1.sndcdn.com/artworks-TzHCsCL2sjbf-0-large.jpg,Bryan Adams,https://soundcloud.com/bryanadams/everything-i-do-i-do-it-for-2,214
soundcloud:tracks:253192824,Zombie,Rock,https://i1.sndcdn.com/artworks-FgwOwfudkYAF-0-large.jpg,The Cranberries,https://soundcloud.com/the-cranberries/zombie-2,215
soundcloud:tracks:265069081,Creep,Alternative,https://i1.sndcdn.com/artworks-yRjuLPZaGrJf-0-large.png,Radiohead,https://soundcloud.com/radiohead/creep,216
soundcloud:tracks:291416367,Losing My Religion,Alternative,https://i1.sndcdn.com/artworks-gqsjFW2gKi1p-0-large.jpg,R.E.M.,https://soundcloud.com/rem-official/losing-my-religion-4,217
soundcloud:tracks:1425709066,Strawberry Heart,Pop,https://i1.sndcdn.com/artworks-hma3pzezKum9-0-large.jpg,MIRA,https://soundcloud.com/mira-scmusic/strawberry-heart,218
soundcloud:tracks:253511306,Killing Me Softly With His Song,R&B,https://i1.sndcdn.com/artworks-tMVp6XWYZ6iD-0-large.jpg,Fugees,https://soundcloud.com/fugees/killing-me-softly-with-his-3,219
soundcloud:tracks:256024569,...Baby One More Time,Pop,https://i1.sndcdn.com/artworks-GCYqfpr9A8D2-0-large.jpg,Britney Spears,https://soundcloud.com/britneyspears/baby-one-more-time,220
soundcloud:tracks:231848695,"Gangsta's Paradise (feat. L.V.)",Hip Hop/Rap,https://i1.sndcdn.com/artworks-6vHZ4RIet8CH-0-large.png,Coolio,https://soundcloud.com/coolioofficial/coolio-gangstas-paradise-feat,221
soundcloud:tracks:253799785,I Will Always Love You,Soundtracks,https://i1.sndcdn.com/artworks-MXrEwExLrLPj-0-large.jpg,Whitney Houston,https://soundcloud.com/whitneyhouston/i-will-always-love-you-1,222
soundcloud:tracks:253391097,"What Is Love (7"" Mix)",Pop,https://i1.sndcdn.com/artworks-B5KH5IDDIsv7-0-large.jpg,Haddaway,https://soundcloud.com/haddaway-official/what-is-love-single-mix,223
soundcloud:tracks:252909438,Always,Pop,https://i1.sndcdn.com/artworks-fEOeW15hhPNM-0-large.jpg,Bon Jovi,https://soundcloud.com/bonjovi/always-1,224
soundcloud:tracks:254119635,No Scrubs,R&B,https://i1.sndcdn.com/artworks-EA0esfhkNxTX-0-large.jpg,TLC,https://soundcloud.com/tlcofficial/no-scrubs-1,225
soundcloud:tracks:537149397,Un-Break My Heart,R&B/Soul,https://i1.sndcdn.com/artworks-xt9Zg6qeTmqA-0-large.jpg,Toni Braxton,https://soundcloud.com/tonibraxton/un-break-my-heart-2,226
soundcloud:tracks:253185090,Linger,Pop,https://i1.sndcdn.com/artworks-Qlt8GQlu2cmb-0-large.jpg,The Cranberries,https://soundcloud.com/the-cranberries/linger-album-version,227
soundcloud:tracks:338354275,Bitter Sweet Symphony (Remastered 2016),Pop,https://i1.sndcdn.com/artworks-LCbhgpUkbUef-0-large.jpg,The Verve,https://soundcloud.com/the-verve-official/bitter-sweet-symphony-1,228
soundcloud:tracks:258954353,Come As You Are,Rock,https://i1.sndcdn.com/artworks-11rFkLIecq3l-0-large.jpg,Nirvana,https://soundcloud.com/nirvana/come-as-you-are,229
soundcloud:tracks:278508958,"They Don't Care About Us",Pop,https://i1.sndcdn.com/artworks-Zrhh4d473pe4-0-large.jpg,Michael Jackson,https://soundcloud.com/mjimmortal/they-dont-care-about-us,230
soundcloud:tracks:258954235,The Man Who Sold The World (Live),Rock,https://i1.sndcdn.com/artworks-NZrSWqC7e3fO-0-large.jpg,Nirvana,https://soundcloud.com/nirvana/the-man-who-sold-the-world,231
soundcloud:tracks:253799734,I Have Nothing,Soundtracks,https://i1.sndcdn.com/artworks-3qxfQiN80T65-0-large.jpg,Whitney Houston,https://soundcloud.com/whitneyhouston/i-have-nothing,232
soundcloud:tracks:283975388,Wonderwall (Remastered),Rock,https://i1.sndcdn.com/artworks-p9qBO0YAPPbr-0-large.jpg,Oasis,https://soundcloud.com/oasisofficial/wonderwall-remastered,233
soundcloud:tracks:530869665,"I Don't Want to Miss a Thing (From ""Armageddon"" Soundtrack)",Classic Rock,https://i1.sndcdn.com/artworks-2gTQrIHLHsCb-0-large.jpg,Aerosmith,https://soundcloud.com/aerosmith/i-dont-want-to-miss-a-thing,234
soundcloud:tracks:273203062,Scar Tissue,Alternative,https://i1.sndcdn.com/artworks-0ilMythGAzVu-0-large.jpg,Red Hot Chili Peppers,https://soundcloud.com/red-hot-chili-peppers-official/scar-tissue,235
soundcloud:tracks:254059864,Mambo No. 5 (A Little Bit of...),Pop,https://i1.sndcdn.com/artworks-yJFIt07gDdbc-0-large.jpg,Lou Bega,https://soundcloud.com/lou-bega-official/mambo-no-5-a-little-bit-of-3,236
soundcloud:tracks:327994946,"The Kids Aren't Alright",Rock,https://i1.sndcdn.com/artworks-KXG4EasgxfK9-0-large.jpg,The Offspring,https://soundcloud.com/offspring/the-kids-arent-alright-1,237
soundcloud:tracks:253185930,All Star,Pop,https://i1.sndcdn.com/artworks-Amw5pGb3twct-0-large.jpg,Smash Mouth,https://soundcloud.com/smash-mouth-official/all-star-album-version,238
soundcloud:tracks:253185089,More Than Words,Rock,https://i1.sndcdn.com/artworks-oUtumY7D8nom-0-large.jpg,Extreme,https://soundcloud.com/extreme-official/more-than-words,239
soundcloud:tracks:253799789,When You Believe (from The Prince of Egypt),Pop,https://i1.sndcdn.com/artworks-LXk979iUYPhf-0-large.jpg,Whitney Houston and Mariah Carey,https://soundcloud.com/whitneyhouston/when-you-believe,240
soundcloud:tracks:253482576,"Don't Cry (Original)",Rock,https://i1.sndcdn.com/artworks-hawaQcI8CNHn-0-large.jpg,"Guns N' Roses",https://soundcloud.com/guns-n-roses-official/dont-cry-original-album,241
soundcloud:tracks:254171313,Smooth (feat. Rob Thomas),Pop,https://i1.sndcdn.com/artworks-1KtYTpUvwtbZ-0-large.jpg,Santana feat. Rob Thomas,https://soundcloud.com/santana-official/smooth,242
soundcloud:tracks:253508172,"Livin' la Vida Loca",Rock,https://i1.sndcdn.com/artworks-lBAbnaRXvNIF-0-large.jpg,Ricky Martin,https://soundcloud.com/ricky-martin-official/livin-la-vida-loca,243
soundcloud:tracks:252531665,California Love (Original Version) [feat. Roger Troutman & Dr. Dre],Hip Hop,https://i1.sndcdn.com/artworks-SlmwF24OHIJs-0-large.jpg,2Pac,https://soundcloud.com/2pac/california-love-original,244
soundcloud:tracks:257082282,Please Forgive Me,Pop,https://i1.sndcdn.com/artworks-ObMdii3Rl76I-0-large.jpg,Bryan Adams,https://soundcloud.com/bryanadams/please-forgive-me,245
soundcloud:tracks:256081714,Thank You,Pop,https://i1.sndcdn.com/artworks-pQzgLpu1kjSo-0-large.jpg,Dido,https://soundcloud.com/dido/thank-you-2,246
soundcloud:tracks:255987843,"I'll Be Missing You (feat. Faith Evans & 112) [2014 Remaster]",Rap/Hip Hop,https://i1.sndcdn.com/artworks-wNybyyaLnl75-0-large.jpg,Puff Daddy,https://soundcloud.com/diddy8/ill-be-missing-you-feat,247
soundcloud:tracks:391557120,Coco Jamboo,Euro Pop,https://i1.sndcdn.com/artworks-fktbE50whHRA-0-large.jpg,Mr. President,https://soundcloud.com/mr-president-official/coco-jamboo,248
soundcloud:tracks:256231990,Man! I Feel Like A Woman!,Country,https://i1.sndcdn.com/artworks-OIi4f33Nln3m-0-large.jpg,Shania Twain,https://soundcloud.com/shania-twain-music/man-i-feel-like-a-woman-album,249
soundcloud:tracks:254171179,Maria Maria (feat. The Product G&B),Pop,https://i1.sndcdn.com/artworks-aagfxZJo9raK-0-large.jpg,Santana feat. The Product G&B,https://soundcloud.com/santana-official/maria-maria-radio-mix,250
soundcloud:tracks:247838040,Desert Rose (feat. Cheb Mami),Pop,https://i1.sndcdn.com/artworks-VBE4vrEjI5Uc-0-large.jpg,Sting,https://soundcloud.com/sting/sting-desert-rose-album,251
soundcloud:tracks:259068443,"Gypsy Woman (She's Homeless) (La Da Dee La Da Da) (Radio Edit)",Pop,https://i1.sndcdn.com/artworks-YOZdz25lcQ0N-0-large.jpg,Crystal Waters,https://soundcloud.com/crystal-waters-official/gypsy-woman-shes-homeless-2,252
soundcloud:tracks:257475638,Genie in a Bottle,Pop,https://i1.sndcdn.com/artworks-fNinNQ9HGLGN-0-large.jpg,Christina Aguilera,https://soundcloud.com/christinaaguilera/genie-in-a-bottle,253
soundcloud:tracks:875830342,The Boy Is Mine,Pop,https://i1.sndcdn.com/artworks-RKOzO44W7TzJ-0-large.jpg,Brandy & Monica,https://soundcloud.com/4everbrandy/the-boy-is-mine,254
soundcloud:tracks:259137968,Dragula,Rock,https://i1.sndcdn.com/artworks-6InYl3NpXcvp-0-large.jpg,Rob Zombie,https://soundcloud.com/rob-zombie-official/dragula,255
soundcloud:tracks:232292832,Can We Talk,R&B,https://i1.sndcdn.com/artworks-Kr5GVat5sJ4v-0-large.jpg,Tevin Campbell,https://soundcloud.com/tevincampbell/tevin-campbell-can-we-talk,256
soundcloud:tracks:255793641,One Headlight,Rock,https://i1.sndcdn.com/artworks-eQfz6ZPZ1W8h-0-large.jpg,The Wallflowers,https://soundcloud.com/thewallflowers/one-headlight,257
soundcloud:tracks:278509338,Heal the World,Pop,https://i1.sndcdn.com/artworks-0CZ4VzqvtRN6-0-large.jpg,Michael Jackson,https://soundcloud.com/mjimmortal/heal-the-world,258
soundcloud:tracks:278509295,Earth Song,Pop,https://i1.sndcdn.com/artworks-lVgfAuqTr1I9-0-large.jpg,Michael Jackson,https://soundcloud.com/mjimmortal/earth-song,259
soundcloud:tracks:256614041,Torn,Pop,https://i1.sndcdn.com/artworks-tOpnt8iy33it-0-large.jpg,Natalie Imbruglia,https://soundcloud.com/natalie-imbruglia/torn,260
soundcloud:tracks:336962110,Scatman (ski-ba-bop-ba-dop-bop),Pop,https://i1.sndcdn.com/artworks-YL6Wki0130hy-0-large.jpg,Scatman John,https://soundcloud.com/scatman-john-official/scatman-ski-ba-bop-ba-dop-5,261
soundcloud:tracks:273203268,Under the Bridge,Alternative,https://i1.sndcdn.com/artworks-SJixw7JputOL-0-large.jpg,Red Hot Chili Peppers,https://soundcloud.com/red-hot-chili-peppers-official/under-the-bridge,262
soundcloud:tracks:255794151,Ironic,Pop,https://i1.sndcdn.com/artworks-tYrJ8mufzNSt-0-large.jpg,Alanis Morissette,https://soundcloud.com/alanismorissette/ironic-1,263
soundcloud:tracks:256194790,Crazy,Pop,https://i1.sndcdn.com/artworks-W7fQF8DnbJuh-0-large.jpg,Aerosmith,https://soundcloud.com/aerosmith/crazy,264
soundcloud:tracks:278508961,Black or White,Pop,https://i1.sndcdn.com/artworks-N3qRPEqxTWBL-0-large.jpg,Michael Jackson,https://soundcloud.com/mjimmortal/black-or-white-1,265
soundcloud:tracks:278509273,You Are Not Alone,Pop,https://i1.sndcdn.com/artworks-Z14eQWErfcJo-0-large.jpg,Michael Jackson,https://soundcloud.com/mjimmortal/you-are-not-alone,266
soundcloud:tracks:388551387,The Bad Touch,Rock,https://i1.sndcdn.com/artworks-mRSdw6eoMmeu-0-large.jpg,Bloodhound Gang,https://soundcloud.com/bloodhound-gang/the-bad-touch-album-version,267
soundcloud:tracks:578519304,"Blaze Of Glory (From ""Young Guns II"" Soundtrack)",Soundtrack,https://i1.sndcdn.com/artworks-hJ9B1JNH10WJ-0-large.jpg,Jon Bon Jovi,https://soundcloud.com/jon-bon-jovi-official/blaze-of-glory-from-young-guns,268
soundcloud:tracks:257079694,"I'd Do Anything For Love (But I Won't Do That)",Pop,https://i1.sndcdn.com/artworks-zowEHugZkqci-0-large.jpg,Meat Loaf,https://soundcloud.com/meatloafofficial/id-do-anything-for-love-but-3,269
soundcloud:tracks:253595647,Wannabe,Pop,https://i1.sndcdn.com/artworks-TkVA2JyEcdh1-0-large.jpg,Spice Girls,https://soundcloud.com/spice-girls-official/wannabe-radio-edit,270
soundcloud:tracks:275578902,All I Wanna Do Is Make Love To You,Rock,https://i1.sndcdn.com/artworks-4FkbDITQLnf4-0-large.jpg,Heart,https://soundcloud.com/heartofficial/all-i-wanna-do-is-make-love,271
soundcloud:tracks:256067710,Everlong,Rock,https://i1.sndcdn.com/artworks-RQjHDKcsCnXi-0-large.jpg,Foo Fighters,https://soundcloud.com/foofighters/everlong-1,272
soundcloud:tracks:256240578,Basket Case,Alternative,https://i1.sndcdn.com/artworks-vzLIlA7A8v4W-0-large.jpg,Green Day,https://soundcloud.com/greenday/basket-case,273
soundcloud:tracks:255881992,"Bailamos (From ""Wild Wild West"")",R & B,https://i1.sndcdn.com/artworks-gytcJsi0HUsL-0-large.jpg,Enrique Iglesias,https://soundcloud.com/enriqueiglesias/bailamos,274
soundcloud:tracks:253506977,Cotton Eye Joe,Country,https://i1.sndcdn.com/artworks-PwyQyz6sxtin-0-large.jpg,Rednex,https://soundcloud.com/rednex-se/cotton-eye-joe-1,275
soundcloud:tracks:252909699,Bed Of Roses,Pop,https://i1.sndcdn.com/artworks-Sr1UFs2UEwuD-0-large.jpg,Bon Jovi,https://soundcloud.com/bonjovi/bed-of-roses-album-version,276
soundcloud:tracks:252633387,Candy Rain,R & B,https://i1.sndcdn.com/artworks-BTWuv8sH1LkZ-0-large.jpg,Soul For Real,https://soundcloud.com/soul-for-real-official/candy-rain-album-version,277
soundcloud:tracks:253180654,Dreams,Pop,https://i1.sndcdn.com/artworks-UBLvdSB7oOu9-0-large.jpg,The Cranberries,https://soundcloud.com/the-cranberries/dreams,278
soundcloud:tracks:256126172,Return of the Mack,Pop,https://i1.sndcdn.com/artworks-tm6tqhWlhecO-0-large.jpg,Mark Morrison,https://soundcloud.com/markmorrisonmusic/return-of-the-mack-c-j-street,279
soundcloud:tracks:253081607,Fade Into You,Pop,https://i1.sndcdn.com/artworks-bUwJ5jy33lVM-0-large.jpg,Mazzy Star,https://soundcloud.com/mazzy-star-official/fade-into-you,280
soundcloud:tracks:263297161,Lovefool,Pop,https://i1.sndcdn.com/artworks-0GPSxHxfonFc-0-large.jpg,The Cardigans,https://soundcloud.com/thecardigans/lovefool-radio-edit,281
soundcloud:tracks:253516623,Another Night,Pop,https://i1.sndcdn.com/artworks-tChigUny2nrv-0-large.jpg,Real McCoy,https://soundcloud.com/real-mccoy-official/another-night,282
soundcloud:tracks:285479062,Runaway Train (2022 Remaster),Classic Rock,https://i1.sndcdn.com/artworks-iP5HeMnztbfa-0-large.jpg,Soul Asylum,https://soundcloud.com/soulasylumofficial/runaway-train-2,283
soundcloud:tracks:253481507,No Diggity (feat. Dr. Dre & Queen Pen),R & B,https://i1.sndcdn.com/artworks-H67XTtmMNJGi-0-large.jpg,Blackstreet,https://soundcloud.com/blackstreet-official/no-diggity-album-version,284
soundcloud:tracks:256124400,Song 2 (2012 Remaster),Rock,https://i1.sndcdn.com/artworks-t7VeA1Pd70b6-0-large.jpg,Blur,https://soundcloud.com/blurofficial/song-2-2012-remastered-version,285
soundcloud:tracks:830596201,Sweat (A La La La La Long),Reggae,https://i1.sndcdn.com/artworks-RpR8zwG9m09d-0-large.jpg,Inner Circle,https://soundcloud.com/inner-circle-official/sweat-a-la-la-la-la-long-3,286
soundcloud:tracks:257052914,Without You,Pop,https://i1.sndcdn.com/artworks-hAsgRMv94U8S-0-large.jpg,Mariah Carey,https://soundcloud.com/mariahcarey/without-you,287
soundcloud:tracks:253243500,Even Flow,Rock,https://i1.sndcdn.com/artworks-sPvqMCGLRMO8-0-large.jpg,Pearl Jam,https://soundcloud.com/pearl-jam-official/even-flow,288
soundcloud:tracks:253801912,All That She Wants,Pop,https://i1.sndcdn.com/artworks-GB47sVmiWdDi-0-large.jpg,Ace of Base,https://soundcloud.com/aceofbaseofficial/all-that-she-wants,289
soundcloud:tracks:273861871,Let Her Cry,Rock,https://i1.sndcdn.com/artworks-H0vq2rvEIEME-0-large.jpg,Hootie & The Blowfish,https://soundcloud.com/hootietheblowfish/let-her-cry,290
soundcloud:tracks:253801909,The Sign,Pop,https://i1.sndcdn.com/artworks-SlKDkBfreZvH-0-large.jpg,Ace of Base,https://soundcloud.com/aceofbaseofficial/the-sign,291
soundcloud:tracks:1091968708,I Belong To You,Rock,https://i1.sndcdn.com/artworks-nHc9Q4vvNChk-0-large.jpg,Lenny Kravitz,https://soundcloud.com/lennykravitz/i-belong-to-you,292
soundcloud:tracks:232328619,Give Me One Reason,Folk,https://i1.sndcdn.com/artworks-xitskGrqsWuB-0-large.jpg,Tracy Chapman,https://soundcloud.com/tracychapmanofficial/tracy-chapman-give-me-one,293
soundcloud:tracks:255816144,Black Hole Sun,Rock,https://i1.sndcdn.com/artworks-DDnYo3YYmcM2-0-large.jpg,Soundgarden,https://soundcloud.com/soundgarden/black-hole-sun-1,294
soundcloud:tracks:327994911,"Why Don't You Get A Job",Rock,https://i1.sndcdn.com/artworks-o9rNre6STbhq-0-large.jpg,The Offspring,https://soundcloud.com/offspring/why-dont-you-get-a-job-1,295
soundcloud:tracks:253569633,Gonna Make You Sweat (Everybody Dance Now) [feat. Freedom Williams],Dance,https://i1.sndcdn.com/artworks-bLffBxtbsHSD-0-large.jpg,C+C Music Factory feat. Freedom Williams,https://soundcloud.com/cc-music-factory/gonna-make-you-sweat-2,296
soundcloud:tracks:253082911,Truly Madly Deeply,Pop,https://i1.sndcdn.com/artworks-xXqgtVvFVAVs-0-large.jpg,Savage Garden,https://soundcloud.com/savage-garden-official/truly-madly-deeply-1,297
soundcloud:tracks:329540249,"It's All Coming Back to Me Now",Pop,https://i1.sndcdn.com/artworks-YZQNknRAp2Pe-0-large.jpg,Céline Dion,https://soundcloud.com/celinedionofficial/its-all-coming-back-to-me,298
soundcloud:tracks:253185847,All My Life,R & B,https://i1.sndcdn.com/artworks-Eeb4ZqM11fXq-0-large.jpg,K-Ci & JoJo,https://soundcloud.com/k-ci-jojo/all-my-life-album-version,299
soundcloud:tracks:220650177,Everybody Hurts,Alternative,https://i1.sndcdn.com/artworks-Uz2MNUxmn82h-0-large.jpg,R.E.M.,https://soundcloud.com/rem-official/everybody-hurts-1,300
soundcloud:tracks:278509301,"Will You Be There (Theme from ""Free Willy"")",Pop,https://i1.sndcdn.com/artworks-d4JR59xxLZtR-0-large.jpg,Michael Jackson,https://soundcloud.com/mjimmortal/will-you-be-there-theme-from-1,301
soundcloud:tracks:256194820,Amazing,Rock,https://i1.sndcdn.com/artworks-OcBG3POsUC1y-0-large.jpg,Aerosmith,https://soundcloud.com/aerosmith/amazing,302
soundcloud:tracks:254614865,Kiss Me,Rock,https://i1.sndcdn.com/artworks-iwEu3Cr0YTW0-0-large.png,Sixpence None the Richer,https://soundcloud.com/sixpence-none-the-richer-official/kiss-me-1,303
soundcloud:tracks:257052968,Always Be My Baby,Pop,https://i1.sndcdn.com/artworks-01HRgBvxT4Jk-0-large.jpg,Mariah Carey,https://soundcloud.com/mariahcarey/always-be-my-baby,304
soundcloud:tracks:255859685,Nookie,Rock,https://i1.sndcdn.com/artworks-9wesgDCJYZ4U-0-large.jpg,Limp Bizkit,https://soundcloud.com/limpbizkit/nookie,305
soundcloud:tracks:254097147,Insane in the Brain,Hip Hop,https://i1.sndcdn.com/artworks-aGB54ZUTq4B3-0-large.jpg,Cypress Hill,https://soundcloud.com/cypress-hill/insane-in-the-brain-1,306
soundcloud:tracks:253513176,When a Man Loves a Woman,Pop,https://i1.sndcdn.com/artworks-qR17qf0NDwEJ-0-large.jpg,Michael Bolton,https://soundcloud.com/michael-bolton-official/when-a-man-loves-a-woman-2,307
soundcloud:tracks:257078222,Mr. Jones,Rock,https://i1.sndcdn.com/artworks-11x2GCTL59fd-0-large.jpg,Counting Crows,https://soundcloud.com/countingcrows/mr-jones-album-version,308
soundcloud:tracks:259148166,Achy Breaky Heart,Country,https://i1.sndcdn.com/artworks-kmfUnlvt7Yfo-0-large.jpg,Billy Ray Cyrus,https://soundcloud.com/billy-ray-cyrus-official/achy-breaky-heart,309
soundcloud:tracks:266842404,Loser,Pop,https://i1.sndcdn.com/artworks-zePc9yyqIEkv-0-large.jpg,Beck,https://soundcloud.com/planned_obsolescence/loser-album-version,310
soundcloud:tracks:267475625,From This Moment On (feat. Bryan White),Country,https://i1.sndcdn.com/artworks-lt1CGAygeKr6-0-large.jpg,Shania Twain,https://soundcloud.com/shania-twain-music/from-this-moment-on-2,311
soundcloud:tracks:252699935,Weak,R&B,https://i1.sndcdn.com/artworks-WCjR4clBPPLy-0-large.jpg,SWV,https://soundcloud.com/swv-official/weak,312
soundcloud:tracks:202364187,3AM,Pop,https://i1.sndcdn.com/artworks-2klVlH6vyOEi-0-large.jpg,Matchbox Twenty,https://soundcloud.com/matchbox-twenty/3-am-matchbox-twenty,313
soundcloud:tracks:345671930,"Freedom! '90 (Remastered)",Pop,https://i1.sndcdn.com/artworks-jntTs2Gthw71-0-large.jpg,George Michael,https://soundcloud.com/georgemichael/freedom-90-remastered-2,314
soundcloud:tracks:260167454,1979 (Remastered 2012),Alternative,https://i1.sndcdn.com/artworks-kKSeYFtz34k1-0-large.jpg,The Smashing Pumpkins,https://soundcloud.com/smashingpumpkins/1979-2,315
soundcloud:tracks:447116220,If You Had My Love,R&B,https://i1.sndcdn.com/artworks-AUHLfTIIDrSb-0-large.jpg,Jennifer Lopez,https://soundcloud.com/jenniferlopez/if-you-had-my-love-1,316
soundcloud:tracks:253507937,"Men In Black (From ""Men In Black"" Soundtrack)",Soundtracks,https://i1.sndcdn.com/artworks-WkE8L568Rze0-0-large.jpg,Will Smith,https://soundcloud.com/will-smith-official/men-in-black,317
soundcloud:tracks:327994937,Pretty Fly (For A White Guy),Rock,https://i1.sndcdn.com/artworks-oqhAfGHGyltr-0-large.jpg,The Offspring,https://soundcloud.com/offspring/pretty-fly-for-a-white-guy-1,318
soundcloud:tracks:562454343,Ordinary World,Pop,https://i1.sndcdn.com/artworks-4jwafSZtNSav-0-large.jpg,Duran Duran,https://soundcloud.com/duranduran/ordinary-world,319
soundcloud:tracks:271222676,Lithium,Rock,https://i1.sndcdn.com/artworks-rqyxPIrOFvQe-0-large.jpg,Nirvana,https://soundcloud.com/nirvana/lithium,320
soundcloud:tracks:253178973,Save Tonight,Pop,https://i1.sndcdn.com/artworks-EhOkDKByUkun-0-large.jpg,Eagle-Eye Cherry,https://soundcloud.com/eagle-eye-cherry-official/save-tonight,321
soundcloud:tracks:255967334,Nobody (feat. Athena Cage),R&B,https://i1.sndcdn.com/artworks-Z0aviKFWk3LM-0-large.jpg,Keith Sweat,https://soundcloud.com/keithsweatofficial/nobody-feat-athena-cage-1,322
soundcloud:tracks:254111998,Around the World (Radio Edit),Electronic,https://i1.sndcdn.com/artworks-hgjsYvTlTGhc-0-large.jpg,Daft Punk,https://soundcloud.com/daftpunkofficialmusic/around-the-world-radio-edit,323
soundcloud:tracks:253184665,"Sometimes Love Just Ain't Enough (feat. Don Henley)",Rock,https://i1.sndcdn.com/artworks-5QVpzlC6bjqr-0-large.jpg,Patty Smyth,https://soundcloud.com/patty-smyth/sometimes-love-just-aint,324
soundcloud:tracks:351895025,Beautiful Life,Pop,https://i1.sndcdn.com/artworks-ZE4cZ28pBuEC-0-large.jpg,Ace of Base,https://soundcloud.com/aceofbaseofficial/beautiful-life-remastered,325
soundcloud:tracks:256256880,My Name Is,Hip Hop,https://i1.sndcdn.com/artworks-O29Rg65Sdb7B-0-large.jpg,Eminem,https://soundcloud.com/eminemofficial/my-name-is-1,326
soundcloud:tracks:263191627,"Tearin' up My Heart (Radio Edit)",Pop,https://i1.sndcdn.com/artworks-dCbFbFGfHfdM-0-large.jpg,*NSYNC,https://soundcloud.com/n-sync-official/tearin-up-my-heart-radio-edit,327
soundcloud:tracks:204973054,Put Your Hands Where My Eyes Could See (feat. Jamal),Rap/Hip Hop,https://i1.sndcdn.com/artworks-anhQoIR8NLvW-0-large.jpg,Busta Rhymes,https://soundcloud.com/busta-rhymes-9/put-your-hands-where-my-eyes,328
soundcloud:tracks:253588157,Freestyler,Pop,https://i1.sndcdn.com/artworks-QxfcL3T9eWil-0-large.jpg,"Bomfunk MC's",https://soundcloud.com/bomfunk-mcs/freestyler,329
soundcloud:tracks:252715511,Lightning Crashes,Rock,https://i1.sndcdn.com/artworks-QohkmEEeRlRA-0-large.jpg,Live,https://soundcloud.com/live-official/lightning-crashes,330
soundcloud:tracks:251209298,Tubthumping,Pop,https://i1.sndcdn.com/artworks-61UfYOst7tw8-0-large.jpg,Chumbawamba,https://soundcloud.com/chumbawamba-official/tubthumping,331
soundcloud:tracks:253534215,"Freek'n You",R & B,https://i1.sndcdn.com/artworks-dXloMFzVKmFg-0-large.jpg,Jodeci,https://soundcloud.com/jodeci-official/freekn-you-album-version,332
soundcloud:tracks:253186136,When You Say Nothing At All,Pop,https://i1.sndcdn.com/artworks-UwQM1wpefics-0-large.jpg,Ronan Keating,https://soundcloud.com/ronan-keating-official/when-you-say-nothing-at-all-2,333
soundcloud:tracks:256245842,"Say It Ain't So (Original Mix)",Rock,https://i1.sndcdn.com/artworks-pai6TFI5ZiA7-0-large.jpg,Weezer,https://soundcloud.com/weezer/say-it-aint-so-album-version,334
soundcloud:tracks:256029578,Back That Thang Up (feat. Mannie Fresh & Lil Wayne),Pop,https://i1.sndcdn.com/artworks-Mj1YMW84pItV-0-large.jpg,Juvenile,https://soundcloud.com/juvenileofficial/back-that-thang-up,335
soundcloud:tracks:257078230,Sabotage,Hip Hop,https://i1.sndcdn.com/artworks-lZZbN3b45QIe-0-large.jpg,Beastie Boys,https://soundcloud.com/beastieboys/sabotage,336
soundcloud:tracks:283975503,"Don't Look Back in Anger",Rock,https://i1.sndcdn.com/artworks-dttBZaTIsX4c-0-large.jpg,Oasis,https://soundcloud.com/oasisofficial/dont-look-back-in-anger-1,337
soundcloud:tracks:256122555,Kiss from a Rose,Pop,https://i1.sndcdn.com/artworks-qv70USdqrvRv-0-large.jpg,Seal,https://soundcloud.com/seal/kiss-from-a-rose-1,338
soundcloud:tracks:278551881,Glycerine (Remastered),Rock,https://i1.sndcdn.com/artworks-huvd5RIDL9JN-0-large.jpg,Bush,https://soundcloud.com/bushofficial/glycerine,339
soundcloud:tracks:255783594,Fantasy,Pop,https://i1.sndcdn.com/artworks-wmt0ex5YQTSj-0-large.jpg,Mariah Carey,https://soundcloud.com/mariahcarey/fantasy,340
soundcloud:tracks:546799320,I Gotta Be,R&B,https://i1.sndcdn.com/artworks-AKtkOrG6GNdr-0-large.jpg,Jagged Edge,https://soundcloud.com/officialje/i-gotta-be,341
soundcloud:tracks:792866776,Everybody,Pop,https://i1.sndcdn.com/artworks-6SsHLoOOuYnd-0-large.jpg,DJ BoBo & Inna,https://soundcloud.com/dj-bobo-official/everybody-5,342
soundcloud:tracks:310596197,An Angel,Pop,https://i1.sndcdn.com/artworks-TIbM7VLOuBLU-0-large.jpg,The Kelly Family,https://soundcloud.com/the-kelly-family-official/an-angel,343
soundcloud:tracks:256024580,Born to Make You Happy,Pop,https://i1.sndcdn.com/artworks-b9qbj70Eb1sA-0-large.jpg,Britney Spears,https://soundcloud.com/britneyspears/born-to-make-you-happy,344
soundcloud:tracks:231884352,Twisted,R&B,https://i1.sndcdn.com/artworks-FRtbGzNpKofA-0-large.jpg,Keith Sweat,https://soundcloud.com/keithsweatofficial/keith-sweat-twisted,345
soundcloud:tracks:361665965,The Power,Dance,https://i1.sndcdn.com/artworks-6d30ncHDcFbp-0-large.jpg,SNAP!,https://soundcloud.com/snap27105/the-power,346